CompanyName,RecruiterName,RecruiterEmail,RecruiterPhone,EmailSubject,EmailMessage
Tech Innovators Inc.,Emily Johnson,emily.johnson@techinnovators.com,+1-555-987-6543,Application for Software Engineer Position,"Dear Emily Johnson,

I am excited to apply for the position at Tech Innovators Inc.. My experience and skills align with the job description, and I am confident I can contribute to your team's success.

Thank you for your time and consideration.

Best regards,
[Your Name]"
Green Energy Solutions,Mark Lee,mark.lee@greenenergysolutions.com,+1-555-123-4567,Interest in Renewable Energy Analyst Role,"Dear Mark Lee,

I am excited to apply for the position at Green Energy Solutions. My experience and skills align with the job description, and I am confident I can contribute to your team's success.

Thank you for your time and consideration.

Best regards,
[Your Name]"
HealthBridge Corp.,Sophia Brown,sophia.brown@healthbridge.com,+1-555-789-1234,Application for Healthcare Consultant,"Dear Sophia Brown,

I am excited to apply for the position at HealthBridge Corp.. My experience and skills align with the job description, and I am confident I can contribute to your team's success.

Thank you for your time and consideration.

Best regards,
[Your Name]"
NextGen Tech,David Clark,david.clark@nextgentech.com,+1-555-234-5678,Inquiry About Open Engineering Roles,"Dear David Clark,

I am excited to apply for the position at NextGen Tech. My experience and skills align with the job description, and I am confident I can contribute to your team's success.

Thank you for your time and consideration.

Best regards,
[Your Name]"
Future Builders Ltd.,Liam Martinez,liam.martinez@futurebuilders.com,+1-555-345-6789,Project Manager Application Submission,"Dear Liam Martinez,

I am excited to apply for the position at Future Builders Ltd.. My experience and skills align with the job description, and I am confident I can contribute to your team's success.

Thank you for your time and consideration.

Best regards,
[Your Name]"
Skyline Industries,Olivia Harris,olivia.harris@skylineind.com,+1-555-456-7890,Interest in Supply Chain Specialist Role,"Dear Olivia Harris,

I am excited to apply for the position at Skyline Industries. My experience and skills align with the job description, and I am confident I can contribute to your team's success.

Thank you for your time and consideration.

Best regards,
[Your Name]"
Oceanic Ventures,Ethan Young,ethan.young@oceanicventures.com,+1-555-567-8901,Application for Marine Biologist Role,"Dear Ethan Young,

I am excited to apply for the position at Oceanic Ventures. My experience and skills align with the job description, and I am confident I can contribute to your team's success.

Thank you for your time and consideration.

Best regards,
[Your Name]"
Urban Systems Co.,Isabella Walker,isabella.walker@urbansystems.com,+1-555-678-9012,Urban Planner Position Inquiry,"Dear Isabella Walker,

I am excited to apply for the position at Urban Systems Co.. My experience and skills align with the job description, and I am confident I can contribute to your team's success.

Thank you for your time and consideration.

Best regards,
[Your Name]"
BrightPath Learning,Noah Hall,noah.hall@brightpathlearning.com,+1-555-789-0123,Educator Role Application Submission,"Dear Noah Hall,

I am excited to apply for the position at BrightPath Learning. My experience and skills align with the job description, and I am confident I can contribute to your team's success.

Thank you for your time and consideration.

Best regards,
[Your Name]"
Silverline Consulting,Emma Allen,emma.allen@silverlineconsulting.com,+1-555-890-1234,Consultant Application for Business Strategy,"Dear Emma Allen,

I am excited to apply for the position at Silverline Consulting. My experience and skills align with the job description, and I am confident I can contribute to your team's success.

Thank you for your time and consideration.

Best regards,
[Your Name]"
Pinnacle Technologies,James Scott,james.scott@pinnacletech.com,+1-555-901-2345,Technical Specialist Job Interest,"Dear James Scott,

I am excited to apply for the position at Pinnacle Technologies. My experience and skills align with the job description, and I am confident I can contribute to your team's success.

Thank you for your time and consideration.

Best regards,
[Your Name]"
EcoSmart Designs,Charlotte White,charlotte.white@ecosmartdesigns.com,+1-555-012-3456,Application for Eco-Friendly Designer Position,"Dear Charlotte White,

I am excited to apply for the position at EcoSmart Designs. My experience and skills align with the job description, and I am confident I can contribute to your team's success.

Thank you for your time and consideration.

Best regards,
[Your Name]"
AeroDynamics Inc.,Benjamin Thompson,benjamin.thompson@aerodynamics.com,+1-555-123-4568,Aerospace Engineer Job Inquiry,"Dear Benjamin Thompson,

I am excited to apply for the position at AeroDynamics Inc.. My experience and skills align with the job description, and I am confident I can contribute to your team's success.

Thank you for your time and consideration.

Best regards,
[Your Name]"
Vibrant Media Agency,Mia Moore,mia.moore@vibrantmedia.com,+1-555-234-5679,Marketing Specialist Application,"Dear Mia Moore,

I am excited to apply for the position at Vibrant Media Agency. My experience and skills align with the job description, and I am confident I can contribute to your team's success.

Thank you for your time and consideration.

Best regards,
[Your Name]"
CoreSolutions Ltd.,Lucas Adams,lucas.adams@coresolutions.com,+1-555-345-6780,Business Analyst Role Submission,"Dear Lucas Adams,

I am excited to apply for the position at CoreSolutions Ltd.. My experience and skills align with the job description, and I am confident I can contribute to your team's success.

Thank you for your time and consideration.

Best regards,
[Your Name]"
Fusion Motors,Amelia Turner,amelia.turner@fusionmotors.com,+1-555-456-7891,Automotive Engineer Application,"Dear Amelia Turner,

I am excited to apply for the position at Fusion Motors. My experience and skills align with the job description, and I am confident I can contribute to your team's success.

Thank you for your time and consideration.

Best regards,
[Your Name]"
Galaxy Retailers,Henry King,henry.king@galaxyretailers.com,+1-555-567-8902,Retail Manager Job Interest,"Dear Henry King,

I am excited to apply for the position at Galaxy Retailers. My experience and skills align with the job description, and I am confident I can contribute to your team's success.

Thank you for your time and consideration.

Best regards,
[Your Name]"
Aspire Pharmaceuticals,Ava Rivera,ava.rivera@aspirepharma.com,+1-555-678-9013,Pharmacologist Application Submission,"Dear Ava Rivera,

I am excited to apply for the position at Aspire Pharmaceuticals. My experience and skills align with the job description, and I am confident I can contribute to your team's success.

Thank you for your time and consideration.

Best regards,
[Your Name]"
Visionary Labs,Alexander Lewis,alexander.lewis@visionarylabs.com,+1-555-789-0124,Lab Technician Job Inquiry,"Dear Alexander Lewis,

I am excited to apply for the position at Visionary Labs. My experience and skills align with the job description, and I am confident I can contribute to your team's success.

Thank you for your time and consideration.

Best regards,
[Your Name]"
Summit Software Co.,Harper Wright,harper.wright@summitsoftware.com,+1-555-890-1235,Software Developer Application,"Dear Harper Wright,

I am excited to apply for the position at Summit Software Co.. My experience and skills align with the job description, and I am confident I can contribute to your team's success.

Thank you for your time and consideration.

Best regards,
[Your Name]"
